site_label,site_id,rfpeptides_chain,rfpeptides_residue_number,rfpeptides_residue_label,rfpeptides_residue_name,original_pdb_id,original_chain_id,original_pdb_residue_number,original_insertion_code,original_pdb_residue_name,uniprot_accession,uniprot_residue_number,uniprot_residue_name,sasa_abs,rsa,rsa_status,is_target_site_residue,is_selected_hotspot,selection_or_exclusion_note
RFpep_Site_2,RFpep_Candidate_004,A,1,A1,LEU,3GHG,G,115,,LEU,P02671,134,L,1.69,0.0084,freesasa_rsa,false,false,crop_context_residue
RFpep_Site_2,RFpep_Candidate_004,A,2,A2,ARG,3GHG,G,116,,ARG,P02671,135,R,95.749,0.3494,freesasa_rsa,false,false,crop_context_residue
RFpep_Site_2,RFpep_Candidate_004,A,3,A3,SER,3GHG,G,117,,SER,P02671,136,S,44.217,0.2853,freesasa_rsa,false,false,crop_context_residue
RFpep_Site_2,RFpep_Candidate_004,A,4,A4,ARG,3GHG,G,118,,ARG,P02671,137,R,103.601,0.3781,freesasa_rsa,false,false,crop_context_residue
RFpep_Site_2,RFpep_Candidate_004,A,5,A5,ILE,3GHG,G,119,,ILE,P02671,138,I,22.555,0.1145,freesasa_rsa,false,false,crop_context_residue
RFpep_Site_2,RFpep_Candidate_004,A,6,A6,GLU,3GHG,G,120,,GLU,P02671,139,E,69.717,0.3126,freesasa_rsa,true,false,target_site_residue_not_hotspot_keep_for_contact_recovery
RFpep_Site_2,RFpep_Candidate_004,A,7,A7,VAL,3GHG,G,121,,VAL,P02671,140,V,83.566,0.4803,freesasa_rsa,false,false,crop_context_residue
RFpep_Site_2,RFpep_Candidate_004,A,8,A8,LEU,3GHG,G,122,,LEU,P02671,141,L,26.913,0.1339,freesasa_rsa,false,false,crop_context_residue
RFpep_Site_2,RFpep_Candidate_004,A,9,A9,LYS,3GHG,G,123,,LYS,P02671,142,K,32.461,0.1375,freesasa_rsa,true,false,target_site_residue_not_hotspot_keep_for_contact_recovery
RFpep_Site_2,RFpep_Candidate_004,A,10,A10,ARG,3GHG,G,124,,ARG,P02671,143,R,159.708,0.5829,freesasa_rsa,true,false,target_site_residue_not_hotspot_keep_for_contact_recovery
RFpep_Site_2,RFpep_Candidate_004,A,11,A11,LYS,3GHG,G,125,,LYS,P02671,144,K,111.238,0.4713,freesasa_rsa,false,false,crop_context_residue
RFpep_Site_2,RFpep_Candidate_004,A,12,A12,VAL,3GHG,G,126,,VAL,P02671,145,V,3.024,0.0174,freesasa_rsa,false,false,crop_context_residue
RFpep_Site_2,RFpep_Candidate_004,A,13,A13,ILE,3GHG,G,127,,ILE,P02671,146,I,82.604,0.4193,freesasa_rsa,true,false,target_site_residue_not_hotspot_keep_for_contact_recovery
RFpep_Site_2,RFpep_Candidate_004,A,14,A14,GLU,3GHG,G,128,,GLU,P02671,147,E,88.45,0.3966,freesasa_rsa,false,false,crop_context_residue
RFpep_Site_2,RFpep_Candidate_004,A,15,A15,LYS,3GHG,G,129,,LYS,P02671,148,K,26.977,0.1143,freesasa_rsa,false,false,crop_context_residue
RFpep_Site_2,RFpep_Candidate_004,A,16,A16,VAL,3GHG,G,130,,VAL,P02671,149,V,9.335,0.0536,freesasa_rsa,false,false,crop_context_residue
RFpep_Site_2,RFpep_Candidate_004,A,17,A17,GLN,3GHG,G,131,,GLN,P02671,150,Q,99.761,0.4434,freesasa_rsa,false,false,crop_context_residue
RFpep_Site_2,RFpep_Candidate_004,A,18,A18,HIS,3GHG,G,132,,HIS,P02671,151,H,59.529,0.2658,freesasa_rsa,false,false,crop_context_residue
RFpep_Site_2,RFpep_Candidate_004,A,19,A19,ILE,3GHG,G,133,,ILE,P02671,152,I,7.542,0.0383,freesasa_rsa,false,false,crop_context_residue
RFpep_Site_2,RFpep_Candidate_004,A,20,A20,GLN,3GHG,G,134,,GLN,P02671,153,Q,42.983,0.191,freesasa_rsa,false,false,crop_context_residue
RFpep_Site_2,RFpep_Candidate_004,A,21,A21,LEU,3GHG,G,135,,LEU,P02671,154,L,90.798,0.4517,freesasa_rsa,false,false,crop_context_residue
RFpep_Site_2,RFpep_Candidate_004,A,22,A22,LEU,3GHG,G,136,,LEU,P02671,155,L,18.679,0.0929,freesasa_rsa,false,false,crop_context_residue
RFpep_Site_2,RFpep_Candidate_004,A,23,A23,GLN,3GHG,G,137,,GLN,P02671,156,Q,9.163,0.0407,freesasa_rsa,false,false,crop_context_residue
RFpep_Site_2,RFpep_Candidate_004,A,24,A24,LYS,3GHG,G,138,,LYS,P02671,157,K,96.313,0.4081,freesasa_rsa,false,false,crop_context_residue
RFpep_Site_2,RFpep_Candidate_004,A,25,A25,ASN,3GHG,G,139,,ASN,P02671,158,N,34.626,0.1776,freesasa_rsa,false,false,crop_context_residue
RFpep_Site_2,RFpep_Candidate_004,A,26,A26,VAL,3GHG,G,140,,VAL,P02671,159,V,8.282,0.0476,freesasa_rsa,false,false,crop_context_residue
RFpep_Site_2,RFpep_Candidate_004,A,27,A27,ARG,3GHG,G,141,,ARG,P02671,160,R,88.364,0.3225,freesasa_rsa,false,false,crop_context_residue
RFpep_Site_2,RFpep_Candidate_004,A,28,A28,ALA,3GHG,G,142,,ALA,P02671,161,A,45.386,0.3518,freesasa_rsa,false,false,crop_context_residue
RFpep_Site_2,RFpep_Candidate_004,A,29,A29,GLN,3GHG,G,143,,GLN,P02671,162,Q,8.21,0.0365,freesasa_rsa,false,false,crop_context_residue
RFpep_Site_2,RFpep_Candidate_004,A,30,A30,LEU,3GHG,G,144,,LEU,P02671,163,L,1.567,0.0078,freesasa_rsa,false,false,crop_context_residue
RFpep_Site_2,RFpep_Candidate_004,A,31,A31,VAL,3GHG,G,145,,VAL,P02671,164,V,32.594,0.1873,freesasa_rsa,false,false,crop_context_residue
RFpep_Site_2,RFpep_Candidate_004,A,32,A32,ASP,3GHG,G,146,,ASP,P02671,165,D,50.35,0.2609,freesasa_rsa,false,false,crop_context_residue
RFpep_Site_2,RFpep_Candidate_004,A,33,A33,MET,3GHG,G,147,,MET,P02671,166,M,1.596,0.0071,freesasa_rsa,false,false,crop_context_residue
RFpep_Site_2,RFpep_Candidate_004,A,34,A34,LYS,3GHG,G,148,,LYS,P02671,167,K,6.814,0.0289,freesasa_rsa,false,false,crop_context_residue
RFpep_Site_2,RFpep_Candidate_004,A,35,A35,ARG,3GHG,G,149,,ARG,P02671,168,R,50.909,0.1858,freesasa_rsa,false,false,crop_context_residue
RFpep_Site_2,RFpep_Candidate_004,A,36,A36,LEU,3GHG,G,150,,LEU,P02671,169,L,2.445,0.0122,freesasa_rsa,false,false,crop_context_residue
RFpep_Site_2,RFpep_Candidate_004,A,37,A37,GLU,3GHG,G,151,,GLU,P02671,170,E,9.552,0.0428,freesasa_rsa,false,false,crop_context_residue
RFpep_Site_2,RFpep_Candidate_004,A,38,A38,VAL,3GHG,G,152,,VAL,P02671,171,V,11.521,0.0662,freesasa_rsa,false,false,crop_context_residue
RFpep_Site_2,RFpep_Candidate_004,A,39,A39,ASP,3GHG,G,153,,ASP,P02671,172,D,7.907,0.041,freesasa_rsa,false,false,crop_context_residue
RFpep_Site_2,RFpep_Candidate_004,A,40,A40,ILE,3GHG,G,154,,ILE,P02671,173,I,0.0,0.0,freesasa_rsa,false,false,crop_context_residue
RFpep_Site_2,RFpep_Candidate_004,A,41,A41,ASP,3GHG,G,155,,ASP,P02671,174,D,6.865,0.0356,freesasa_rsa,false,false,crop_context_residue
RFpep_Site_2,RFpep_Candidate_004,A,42,A42,ILE,3GHG,G,156,,ILE,P02671,175,I,17.247,0.0875,freesasa_rsa,false,false,crop_context_residue
RFpep_Site_2,RFpep_Candidate_004,A,43,A43,LYS,3GHG,G,157,,LYS,P02671,176,K,24.904,0.1055,freesasa_rsa,false,false,crop_context_residue
RFpep_Site_2,RFpep_Candidate_004,A,44,A44,ILE,3GHG,G,158,,ILE,P02671,177,I,2.538,0.0129,freesasa_rsa,false,false,crop_context_residue
RFpep_Site_2,RFpep_Candidate_004,A,45,A45,ARG,3GHG,G,159,,ARG,P02671,178,R,33.354,0.1217,freesasa_rsa,false,false,crop_context_residue
RFpep_Site_2,RFpep_Candidate_004,A,46,A46,SER,3GHG,G,160,,SER,P02671,179,S,7.426,0.0479,freesasa_rsa,false,false,crop_context_residue
RFpep_Site_2,RFpep_Candidate_004,A,47,A47,CYS,3GHG,G,161,,CYS,P02671,180,C,0.021,0.0001,freesasa_rsa,false,false,crop_context_residue
RFpep_Site_2,RFpep_Candidate_004,A,48,A48,ARG,3GHG,G,162,,ARG,P02671,181,R,139.363,0.5086,freesasa_rsa,false,false,crop_context_residue
RFpep_Site_2,RFpep_Candidate_004,A,49,A49,GLY,3GHG,G,163,,GLY,P02671,182,G,6.379,0.0613,freesasa_rsa,false,false,crop_context_residue
RFpep_Site_2,RFpep_Candidate_004,A,50,A50,SER,3GHG,G,164,,SER,P02671,183,S,6.45,0.0416,freesasa_rsa,false,false,crop_context_residue
RFpep_Site_2,RFpep_Candidate_004,A,51,A51,CYS,3GHG,G,165,,CYS,P02671,184,C,4.526,0.0271,freesasa_rsa,false,false,crop_context_residue
RFpep_Site_2,RFpep_Candidate_004,A,52,A52,SER,3GHG,G,166,,SER,P02671,185,S,53.56,0.3456,freesasa_rsa,false,false,crop_context_residue
RFpep_Site_2,RFpep_Candidate_004,A,53,A53,ARG,3GHG,G,167,,ARG,P02671,186,R,130.079,0.4747,freesasa_rsa,false,false,crop_context_residue
RFpep_Site_2,RFpep_Candidate_004,A,54,A54,ALA,3GHG,G,168,,ALA,P02671,187,A,20.993,0.1627,freesasa_rsa,false,false,crop_context_residue
RFpep_Site_2,RFpep_Candidate_004,A,55,A55,LEU,3GHG,G,169,,LEU,P02671,188,L,43.299,0.2154,freesasa_rsa,false,false,crop_context_residue
RFpep_Site_2,RFpep_Candidate_004,A,56,A56,ALA,3GHG,G,170,,ALA,P02671,189,A,91.578,0.7099,freesasa_rsa,false,false,crop_context_residue
RFpep_Site_2,RFpep_Candidate_004,A,57,A57,ARG,3GHG,G,171,,ARG,P02671,190,R,25.891,0.0945,freesasa_rsa,false,false,crop_context_residue
RFpep_Site_2,RFpep_Candidate_004,A,58,A58,GLU,3GHG,G,172,,GLU,P02671,191,E,146.642,0.6576,freesasa_rsa,false,false,crop_context_residue
RFpep_Site_2,RFpep_Candidate_004,A,59,A59,VAL,3GHG,G,173,,VAL,P02671,192,V,48.402,0.2782,freesasa_rsa,false,false,crop_context_residue
RFpep_Site_2,RFpep_Candidate_004,A,60,A60,ASP,3GHG,G,174,,ASP,P02671,193,D,60.239,0.3121,freesasa_rsa,false,false,crop_context_residue
RFpep_Site_2,RFpep_Candidate_004,A,61,A61,LEU,3GHG,G,175,,LEU,P02671,194,L,96.204,0.4786,freesasa_rsa,false,false,crop_context_residue
RFpep_Site_2,RFpep_Candidate_004,A,62,A62,LYS,3GHG,G,176,,LYS,P02671,195,K,146.319,0.62,freesasa_rsa,false,false,crop_context_residue
RFpep_Site_2,RFpep_Candidate_004,A,63,A63,ASP,3GHG,G,177,,ASP,P02671,196,D,34.137,0.1769,freesasa_rsa,false,false,crop_context_residue
RFpep_Site_2,RFpep_Candidate_004,A,64,A64,TYR,3GHG,G,178,,TYR,P02671,197,Y,5.669,0.0216,freesasa_rsa,false,false,crop_context_residue
RFpep_Site_2,RFpep_Candidate_004,A,65,A65,GLU,3GHG,G,179,,GLU,P02671,198,E,67.417,0.3023,freesasa_rsa,false,false,crop_context_residue
RFpep_Site_2,RFpep_Candidate_004,A,66,A66,ASP,3GHG,G,180,,ASP,P02671,199,D,58.704,0.3042,freesasa_rsa,false,false,crop_context_residue
RFpep_Site_2,RFpep_Candidate_004,A,67,A67,GLN,3GHG,G,181,,GLN,P02671,200,Q,23.499,0.1044,freesasa_rsa,false,false,crop_context_residue
RFpep_Site_2,RFpep_Candidate_004,A,68,A68,GLN,3GHG,G,182,,GLN,P02671,201,Q,40.258,0.1789,freesasa_rsa,false,false,crop_context_residue
RFpep_Site_2,RFpep_Candidate_004,A,69,A69,LYS,3GHG,G,183,,LYS,P02671,202,K,149.651,0.6341,freesasa_rsa,false,false,crop_context_residue
RFpep_Site_2,RFpep_Candidate_004,A,70,A70,GLN,3GHG,G,184,,GLN,P02671,203,Q,59.093,0.2626,freesasa_rsa,false,false,crop_context_residue
RFpep_Site_2,RFpep_Candidate_004,A,71,A71,LEU,3GHG,G,185,,LEU,P02671,204,L,1.655,0.0082,freesasa_rsa,false,false,crop_context_residue
RFpep_Site_2,RFpep_Candidate_004,A,72,A72,GLU,3GHG,G,186,,GLU,P02671,205,E,84.963,0.381,freesasa_rsa,false,false,crop_context_residue
RFpep_Site_2,RFpep_Candidate_004,A,73,A73,GLN,3GHG,G,187,,GLN,P02671,206,Q,119.616,0.5316,freesasa_rsa,false,false,crop_context_residue
RFpep_Site_2,RFpep_Candidate_004,A,74,A74,VAL,3GHG,G,188,,VAL,P02671,207,V,37.647,0.2164,freesasa_rsa,false,false,crop_context_residue
RFpep_Site_2,RFpep_Candidate_004,A,75,A75,ILE,3GHG,G,189,,ILE,P02671,208,I,8.917,0.0453,freesasa_rsa,false,false,crop_context_residue
RFpep_Site_2,RFpep_Candidate_004,A,76,A76,ALA,3GHG,G,190,,ALA,P02671,209,A,80.527,0.6242,freesasa_rsa,false,false,crop_context_residue
RFpep_Site_2,RFpep_Candidate_004,A,77,A77,LYS,3GHG,G,191,,LYS,P02671,210,K,135.011,0.5721,freesasa_rsa,false,false,crop_context_residue
RFpep_Site_2,RFpep_Candidate_004,A,78,A78,ASP,3GHG,G,192,,ASP,P02671,211,D,59.892,0.3103,freesasa_rsa,false,false,crop_context_residue
RFpep_Site_2,RFpep_Candidate_004,A,79,A79,LEU,3GHG,G,193,,LEU,P02671,212,L,90.663,0.4511,freesasa_rsa,true,false,target_site_residue_not_hotspot_keep_for_contact_recovery
RFpep_Site_2,RFpep_Candidate_004,A,80,A80,LEU,3GHG,G,194,,LEU,P02671,213,L,26.405,0.1314,freesasa_rsa,true,false,target_site_residue_not_hotspot_keep_for_contact_recovery
RFpep_Site_2,RFpep_Candidate_004,A,81,A81,PRO,3GHG,G,195,,PRO,P02671,214,P,62.507,0.3931,freesasa_rsa,true,false,target_site_residue_not_hotspot_keep_for_contact_recovery
RFpep_Site_2,RFpep_Candidate_004,A,82,A82,SER,3GHG,G,196,,SER,P02671,215,S,84.424,0.5447,freesasa_rsa,true,true,selected_stage0_hotspot
RFpep_Site_2,RFpep_Candidate_004,A,83,A83,ARG,3GHG,G,197,,ARG,P02671,216,R,120.625,0.4402,freesasa_rsa,true,false,target_site_residue_not_hotspot_keep_for_contact_recovery
RFpep_Site_2,RFpep_Candidate_004,A,84,A84,ASP,3GHG,G,198,,ASP,P02671,217,D,102.319,0.5302,freesasa_rsa,true,true,selected_stage0_hotspot
RFpep_Site_2,RFpep_Candidate_004,A,85,A85,ARG,3GHG,G,199,,ARG,P02671,218,R,221.101,0.8069,freesasa_rsa,true,true,selected_stage0_hotspot
RFpep_Site_2,RFpep_Candidate_004,A,86,A86,GLN,3GHG,G,200,,GLN,P02671,219,Q,120.338,0.5348,freesasa_rsa,true,true,selected_stage0_hotspot
